Status,Email,FirstName,LastName,Company,StreetAddress,City,State,ZipCode,Country,Phone,OrderId,Remarks
PASSED,phamtrungthuan+013@gmail.com,Thuan,Pham,FAANG,7840 Walerga Rd,Antelope,California,95843,United States,916-560-9858,000001065,Test
PASSED,phamtrungthuan+014@gmail.com,Thuan,Pham,FAANG,7840 Walerga Rd,Antelope,California,95843,United States,916-560-9858,000001066,Test
PASSED,phamtrungthuan+015@gmail.com,Thuan,Pham,FAANG,7840 Walerga Rd,Antelope,California,95843,United States,916-560-9858,000001068,Test
PASSED,phamtrungthuan+016@gmail.com,Thuan,Pham,FAANG,7840 Walerga Rd,Antelope,California,95843,United States,916-560-9858,000001069,Test
PASSED,phamtrungthuan+017@gmail.com,Thuan,Pham,FAANG,7840 Walerga Rd,Antelope,California,95843,United States,916-560-9858,000001070,Test
PASSED,phamtrungthuan+018@gmail.com,Thuan,Pham,FAANG,7840 Walerga Rd,Antelope,California,95843,United States,916-560-9858,000001072,Test
PASSED,phamtrungthuan+019@gmail.com,Thuan,Pham,FAANG,7840 Walerga Rd,Antelope,California,95843,United States,916-560-9858,000001073,Test
PASSED,phamtrungthuan+020@gmail.com,Thuan,Pham,FAANG,7840 Walerga Rd,Antelope,California,95843,United States,916-560-9858,000001075,Test
PASSED,phamtrungthuan+021@gmail.com,Thuan,Pham,FAANG,7840 Walerga Rd,Antelope,California,95843,United States,916-560-9858,000001076,Test
PASSED,phamtrungthuan+022@gmail.com,Thuan,Pham,FAANG,7840 Walerga Rd,Antelope,California,95843,United States,916-560-9858,000001064,Test
PASSED,phamtrungthuan+023@gmail.com,Thuan,Pham,FAANG,7840 Walerga Rd,Antelope,California,95843,United States,916-560-9858,000001064,Test
PASSED,phamtrungthuan+024@gmail.com,Thuan,Pham,FAANG,7840 Walerga Rd,Antelope,California,95843,United States,916-560-9858,000001064,Test
PASSED,phamtrungthuan+025@gmail.com,Thuan,Pham,FAANG,7840 Walerga Rd,Antelope,California,95843,United States,916-560-9858,000001064,Test
PASSED,phamtrungthuan+026@gmail.com,Thuan,Pham,FAANG,7840 Walerga Rd,Antelope,California,95843,United States,916-560-9858,000001064,Test
PASSED,phamtrungthuan+027@gmail.com,Thuan,Pham,FAANG,7840 Walerga Rd,Antelope,California,95843,United States,916-560-9858,000001064,Test
PASSED,phamtrungthuan+028@gmail.com,Thuan,Pham,FAANG,7840 Walerga Rd,Antelope,California,95843,United States,916-560-9858,000002639,Test
PASSED,phamtrungthuan+029@gmail.com,Thuan,Pham,FAANG,7840 Walerga Rd,Antelope,California,95843,United States,916-560-9858,000002640,Test
,phamtrungthuan+030@gmail.com,Thuan,Pham,FAANG,7840 Walerga Rd,Antelope,California,95843,United States,916-560-9858,000001064,Test
,phamtrungthuan+031@gmail.com,Thuan,Pham,FAANG,7840 Walerga Rd,Antelope,California,95843,United States,916-560-9858,000001064,Test
